{
  "meta": {
    "t": 1.0,
    "U_over_t": 145.0,
    "Delta_t_over_t": 4.5,
    "n_filling": 1.885,
    "Nk": 80,
    "VSO_min": 0.0,
    "VSO_max": 0.8,
    "N_VSO_points": 50
  },
  "results": {
    "V_SO": [
      0.0,
      0.0163265306122449,
      0.0326530612244898,
      0.0489795918367347,
      0.0653061224489796,
      0.0816326530612245,
      0.0979591836734694,
      0.1142857142857143,
      0.1306122448979592,
      0.1469387755102041,
      0.163265306122449,
      0.1795918367346939,
      0.1959183673469388,
      0.2122448979591837,
      0.2285714285714286,
      0.2448979591836735,
      0.2612244897959184,
      0.27755102040816326,
      0.2938775510204082,
      0.3102040816326531,
      0.326530612244898,
      0.34285714285714286,
      0.3591836734693878,
      0.3755102040816327,
      0.3918367346938776,
      0.40816326530612246,
      0.4244897959183674,
      0.4408163265306123,
      0.4571428571428572,
      0.47346938775510206,
      0.489795918367347,
      0.5061224489795919,
      0.5224489795918368,
      0.5387755102040817,
      0.5551020408163265,
      0.5714285714285715,
      0.5877551020408164,
      0.6040816326530613,
      0.6204081632653062,
      0.6367346938775511,
      0.653061224489796,
      0.6693877551020408,
      0.6857142857142857,
      0.7020408163265307,
      0.7183673469387756,
      0.7346938775510204,
      0.7510204081632654,
      0.7673469387755103,
      0.7836734693877552,
      0.8
    ],
    "Tc": [
      0.018215682390307106,
      0.018094692023086355,
      0.018292157036693055,
      0.01842109279932045,
      0.01950772950898985,
      0.019966936873818543,
      0.020135765392955834,
      0.020445067876276823,
      0.02088215556258006,
      0.021972105803385537,
      0.022597006950314098,
      0.023383915649076433,
      0.024688913781942403,
      0.02561850257617,
      0.027229056410206766,
      0.028981170595509295,
      0.030162200361689862,
      0.03219464251309888,
      0.03362940695497377,
      0.035943428272977335,
      0.03842622815499634,
      0.04111168321244843,
      0.04310588989728191,
      0.046159844143781235,
      0.04943544600500186,
      0.05320606052058224,
      0.056984359819008734,
      0.06103073416896264,
      0.06536060188651222,
      0.06999150185948257,
      0.07493978452196248,
      0.08022440076779147,
      0.0858607191571257,
      0.09263196272175345,
      0.09905290777423119,
      0.10585941130092247,
      0.11305384548067676,
      0.11968926274013685,
      0.12758354686368673,
      0.13505167024131498,
      0.142502214880725,
      0.15015854548509638,
      0.15799846198419995,
      0.1660021591144721,
      0.17415796958917504,
      0.1824541818596673,
      0.19088098796429095,
      0.19943798849551614,
      0.20737515099321646,
      0.21615358092643783
    ],
    "Deff_T0": [
      0.06992374706730574,
      0.06945930661133765,
      0.07021730696346414,
      0.07071224706291851,
      0.07123061980176013,
      0.07290737183993079,
      0.07352383312789465,
      0.07557486645479555,
      0.07719055409747305,
      0.07926244043777494,
      0.08151671639935756,
      0.08435542036445527,
      0.0869674843918439,
      0.0902419904987894,
      0.09371027009495103,
      0.09749891152441528,
      0.1014721505038781,
      0.10592929096270566,
      0.11065006336962004,
      0.11572052616339303,
      0.121109441768902,
      0.12690168086316753,
      0.13305730769523325,
      0.13960564830536948,
      0.14655172459360172,
      0.15391984058840077,
      0.16172496453719393,
      0.1699863233755413,
      0.1787210775502377,
      0.18795085071751544,
      0.19769260723520518,
      0.20796887771504133,
      0.21879153021499748,
      0.23016944463147104,
      0.24210568698129312,
      0.25458568113892904,
      0.2675892512590736,
      0.2810728243226697,
      0.29498419921067354,
      0.30926595401497564,
      0.3238507008397138,
      0.33867986162429636,
      0.3536982567017998,
      0.3688576656646367,
      0.3841292383860839,
      0.3994848717070236,
      0.4149014161926406,
      0.43037669294433073,
      0.44589783324840404,
      0.4614593131910902
    ],
    "D0_T0": [
      0.061679798684380664,
      0.061265523819192924,
      0.06191941685389913,
      0.06233135068903052,
      0.06275356579794947,
      0.06418562987027673,
      0.06467154611123425,
      0.06640835382708123,
      0.06774731996980332,
      0.06947237817173811,
      0.07134141144407849,
      0.07370286628087477,
      0.07584669754261873,
      0.07854705312829433,
      0.0813914050350747,
      0.08448670265669292,
      0.08771389619742688,
      0.09132636992290076,
      0.09513101330744078,
      0.09919743159569855,
      0.10349479988669379,
      0.10809024797103417,
      0.11294511464750859,
      0.11807947885905613,
      0.12348911426258709,
      0.12919205034194525,
      0.1351919465935808,
      0.1414984128128946,
      0.14811914081553856,
      0.15506348671125325,
      0.16233976891347085,
      0.1699547741483694,
      0.17791222268000906,
      0.18621089313713637,
      0.1948424506444873,
      0.20378926469181802,
      0.2130228192400134,
      0.22250347846026014,
      0.23218210143875237,
      0.24200355893567768,
      0.25191125779234363,
      0.26185158938013664,
      0.2717771870821089,
      0.28164862788797645,
      0.2914347429423078,
      0.30111196161792864,
      0.31066319150855504,
      0.3200765686030438,
      0.32934428063325455,
      0.3384615590271822
    ],
    "DS_T0": [
      0.11291622391598825,
      0.11216229298362355,
      0.11338158812825751,
      0.11417021353473672,
      0.11499220677133468,
      0.11768045334175745,
      0.11865143617615832,
      0.1219318940371515,
      0.12450384123312026,
      0.12780540191964862,
      0.13139125444520028,
      0.1359124635510341,
      0.14005713899773384,
      0.14525844088253098,
      0.15075817708078318,
      0.15675930468553315,
      0.16304190961419546,
      0.17008247265780885,
      0.17752681553820485,
      0.18550926796384043,
      0.19397673722331302,
      0.20306055605828505,
      0.2126942187025143,
      0.2229212976049487,
      0.23373997137151806,
      0.2451906205547423,
      0.25728687938562556,
      0.2700537435576735,
      0.2835127599625296,
      0.2976887055632084,
      0.31260441243450304,
      0.3282796673113585,
      0.3447281405402887,
      0.3619535684536499,
      0.3799453669269599,
      0.39867420000965037,
      0.41808872855787405,
      0.4381150669582257,
      0.458659923372656,
      0.47961760582014856,
      0.5008790067035201,
      0.522340534572638,
      0.5439106671065043,
      0.5655134321030255,
      0.5870891136852401,
      0.6085930219705618,
      0.6299933231682915,
      0.6512685918435926,
      0.6724055001489746,
      0.6933968229278963
    ],