{
  "meta": {
    "t": 1.0,
    "U_over_t": 125.0,
    "Delta_t_over_t": 4.5,
    "n_filling": 1.885,
    "Nk": 80,
    "VSO_min": 0.0,
    "VSO_max": 0.8,
    "N_VSO_points": 50
  },
  "results": {
    "V_SO": [
      0.0,
      0.0163265306122449,
      0.0326530612244898,
      0.0489795918367347,
      0.0653061224489796,
      0.0816326530612245,
      0.0979591836734694,
      0.1142857142857143,
      0.1306122448979592,
      0.1469387755102041,
      0.163265306122449,
      0.1795918367346939,
      0.1959183673469388,
      0.2122448979591837,
      0.2285714285714286,
      0.2448979591836735,
      0.2612244897959184,
      0.27755102040816326,
      0.2938775510204082,
      0.3102040816326531,
      0.326530612244898,
      0.34285714285714286,
      0.3591836734693878,
      0.3755102040816327,
      0.3918367346938776,
      0.40816326530612246,
      0.4244897959183674,
      0.4408163265306123,
      0.4571428571428572,
      0.47346938775510206,
      0.489795918367347,
      0.5061224489795919,
      0.5224489795918368,
      0.5387755102040817,
      0.5551020408163265,
      0.5714285714285715,
      0.5877551020408164,
      0.6040816326530613,
      0.6204081632653062,
      0.6367346938775511,
      0.653061224489796,
      0.6693877551020408,
      0.6857142857142857,
      0.7020408163265307,
      0.7183673469387756,
      0.7346938775510204,
      0.7510204081632654,
      0.7673469387755103,
      0.7836734693877552,
      0.8
    ],
    "Tc": [
      0.08606516532913147,
      0.08612823699946659,
      0.0863183584296511,
      0.08663498717499707,
      0.08777812982396904,
      0.08835405373907129,
      0.08905802960492602,
      0.09060798072053777,
      0.09157817602149554,
      0.09341281296054643,
      0.09539908567138979,
      0.09678705617623756,
      0.09907703223911912,
      0.10152919540860883,
      0.10414924040207299,
      0.10694127955487408,
      0.10991084725194031,
      0.11306255866545578,
      0.11726105002493396,
      0.12081393010262084,
      0.12456610401116175,
      0.1294483847108895,
      0.133643799652253,
      0.1380601729855178,
      0.14369959766767404,
      0.1488583295986257,
      0.15453672046477177,
      0.16049177228528136,
      0.16673031374338515,
      0.17326046712626056,
      0.18008540848274307,
      0.18721194631306698,
      0.19401790514003456,
      0.20172972004132006,
      0.20974714297977315,
      0.21738309189461902,
      0.22527382942099627,
      0.23341731672706134,
      0.2425458600905449,
      0.2511893114349951,
      0.2600658107232896,
      0.26916477998591914,
      0.2784813218774026,
      0.2880166482773121,
      0.29687963607168105,
      0.3068010842687686,
      0.31693409769899383,
      0.3272711388989581,
      0.33780197271414736,
      0.3482948751709407
    ],
    "Deff_T0": [
      0.20698167945942983,
      0.2071333631307776,
      0.20759059402983332,
      0.20835206760890818,
      0.20941917695241094,
      0.21079320386013609,
      0.21247273436183747,
      0.21446171614966758,
      0.2167580894667763,
      0.21936640401696955,
      0.22228744562200636,
      0.22552152712236848,
      0.22907467094054504,
      0.23294547757929565,
      0.2371396664036705,
      0.24165920835085747,
      0.2465092046914753,
      0.25169255869350793,
      0.2572142219341782,
      0.2630802007976263,
      0.26929231428511335,
      0.2758634491351915,
      0.2827914178577627,
      0.29008642071851903,
      0.2977567089817646,
      0.30580066706587766,
      0.31423187632110383,
      0.32304992838985336,
      0.332256845361486,
      0.3418571217613049,
      0.35184541233570665,
      0.36222360726049485,
      0.3729817706502124,
      0.3841077609912917,
      0.395599897612539,
      0.40743538624878034,
      0.4195981943686851,
      0.4320784770529043,
      0.4448509546272588,
      0.4578989290491691,
      0.4712112432529988,
      0.4847640763409949,
      0.4985443467206187,
      0.5125501556893157,
      0.5267571970325344,
      0.5411541056958876,
      0.5557533688556159,
      0.5705383117249047,
      0.585487969904261,
      0.6006322899221422
    ],
    "D0_T0": [
      0.16397001560192312,
      0.16407255869923976,
      0.16438008983478092,
      0.16489240561133747,
      0.16560913795668394,
      0.1665297754804466,
      0.1676536961649949,
      0.16898012690282557,
      0.1705082013443594,
      0.17223694080950763,
      0.17416528798196376,
      0.1762921131027132,
      0.1786162406643173,
      0.18113646696601887,
      0.18385158289382827,
      0.18676039289099472,
      0.1898617358739072,
      0.19315449809102697,
      0.1966376219725198,
      0.20031010198509347,
      0.20417096899933898,
      0.20821925204245859,
      0.21245391922636034,
      0.21687378731494059,
      0.22147739933822416,
      0.22626286403673587,
      0.2312276613634714,
      0.23636840635721817,
      0.24168059868378816,
      0.24715837703868163,
      0.2527942559110292,
      0.25857894913008017,
      0.2645012521737758,
      0.270548048257621,
      0.2767044357032733,
      0.28295399987743114,
      0.2892791922324864,
      0.2956618030125433,
      0.3020834581861658,
      0.3085261015291952,
      0.3149724225731167,
      0.3214061783652031,
      0.32781242544897765,
      0.33417763785073673,
      0.34048973777312735,
      0.34673805933403956,
      0.3529132579359337,
      0.3590071888814723,
      0.36501277532483406,
      0.37092386678085465
    ],
    "DS_T0": [
      0.3752874909455175,
      0.37554889205683994,
      0.37633305876775197,
      0.37764008534886495,
      0.3794700614122553,
      0.38182311638706307,
      0.38469949041647583,
      0.3880994366305524,
      0.392023343291639,
      0.3964716930081695,
      0.4014451117446037,
      0.4069443902503984,
      0.4129705265071221,
      0.41952475483260837,
      0.42660858373547306,
      0.43422382621258804,
      0.442372631727503,
      0.45105749717128135,
      0.4602812695313474,
      0.4700471127748217,
      0.4803584498537782,
      0.49121884388991466,
      0.5026318300031823,
      0.5146006685295968,
      0.5271280173563343,
      0.5402155102148163,
      0.5538632507935879,
      0.5680691930606699,
      0.5828284923816158,
      0.598132899457252,
      0.6139700361628616,
      0.6303229601535462,
      0.6471698450261684,
      0.6644839800230496,
      0.6822340755041266,
      0.7003849320986525,
      0.7188983891233368,
      0.7377345014295282,
      0.7568527916421275,
      0.7762134588902845,
      0.7957784632274121,
      0.8155123414210378,
      0.8353827958168775,
      0.8553610079033434,
      0.8754217222711463,
      0.8955431702824477,
      0.9157068460057981,
      0.9358972280723521,
      0.9561014182086595,
      0.976308851722988
    ],