{
  "meta": {
    "t": 1.0,
    "U_over_t": 75.0,
    "Delta_t_over_t": 4.5,
    "n_filling": 1.885,
    "Nk": 80,
    "VSO_min": 0.0,
    "VSO_max": 0.8,
    "N_VSO_points": 50
  },
  "results": {
    "V_SO": [
      0.0,
      0.0163265306122449,
      0.0326530612244898,
      0.0489795918367347,
      0.0653061224489796,
      0.0816326530612245,
      0.0979591836734694,
      0.1142857142857143,
      0.1306122448979592,
      0.1469387755102041,
      0.163265306122449,
      0.1795918367346939,
      0.1959183673469388,
      0.2122448979591837,
      0.2285714285714286,
      0.2448979591836735,
      0.2612244897959184,
      0.27755102040816326,
      0.2938775510204082,
      0.3102040816326531,
      0.326530612244898,
      0.34285714285714286,
      0.3591836734693878,
      0.3755102040816327,
      0.3918367346938776,
      0.40816326530612246,
      0.4244897959183674,
      0.4408163265306123,
      0.4571428571428572,
      0.47346938775510206,
      0.489795918367347,
      0.5061224489795919,
      0.5224489795918368,
      0.5387755102040817,
      0.5551020408163265,
      0.5714285714285715,
      0.5877551020408164,
      0.6040816326530613,
      0.6204081632653062,
      0.6367346938775511,
      0.653061224489796,
      0.6693877551020408,
      0.6857142857142857,
      0.7020408163265307,
      0.7183673469387756,
      0.7346938775510204,
      0.7510204081632654,
      0.7673469387755103,
      0.7836734693877552,
      0.8
    ],
    "Tc": [
      0.5009167827473573,
      0.5010608807781369,
      0.501500891924158,
      0.5022290691902347,
      0.5037763319937817,
      0.5056215987975079,
      0.5077612933018045,
      0.5102020849567925,
      0.5129415039212679,
      0.516521153468427,
      0.5198711058748027,
      0.5240758241303433,
      0.5285894187952128,
      0.5334344557239421,
      0.5385927756905429,
      0.5440883957443019,
      0.5499078804680911,
      0.5566335767636925,
      0.5631341187192521,
      0.570560593264504,
      0.5777533601699328,
      0.5858952224357177,
      0.5943969685330983,
      0.6026731467600547,
      0.6119157216875637,
      0.6215412348104667,
      0.6309281324407838,
      0.6413080801845213,
      0.652097637133509,
      0.6626235683193846,
      0.6741864824532293,
      0.6854919091326669,
      0.697865202298409,
      0.7099508949972619,
      0.7231449553829434,
      0.7360399906250292,
      0.7493315884331296,
      0.7630366690392962,
      0.7771510596538467,
      0.7916816713185046,
      0.8066384843908339,
      0.8212289857073115,
      0.8370570285729868,
      0.8525386694711262,
      0.8684783737530704,
      0.8848578381615984,
      0.9016365105837418,
      0.918851518329613,
      0.9364668547375705,
      0.9535525133882327
    ],
    "Deff_T0": [
      0.6272121318688003,
      0.6273925611061434,
      0.6279435115602849,
      0.6288552829985057,
      0.6301338634194584,
      0.6317821366458288,
      0.6337944828002499,
      0.6361780809772634,
      0.6389286963478464,
      0.6420520472712112,
      0.6455461423405734,
      0.6494206731462733,
      0.6536611627026758,
      0.6582931962620302,
      0.6632919945364373,
      0.6686848163156576,
      0.6744527622512977,
      0.6806107455540584,
      0.6871560567200987,
      0.6940965639967475,
      0.7014217560624112,
      0.7091498249445788,
      0.7172654508555604,
      0.7257898585874898,
      0.7347042448320394,
      0.744023572361092,
      0.7537535198487555,
      0.7638682847949724,
      0.7744093108283836,
      0.7853520884039802,
      0.7966914006319448,
      0.8084557371868795,
      0.8206242607131469,
      0.8331997747660631,
      0.8461967555568515,
      0.8596062971992324,
      0.8734258722050338,
      0.8876727748907115,
      0.9023396746185668,
      0.9174321418788128,
      0.932959254100727,
      0.948918262781896,
      0.9653446376028612,
      0.9822531610040065,
      0.9996564345449575,
      1.0175319854994083,
      1.0358318670960793,
      1.0545974716998,
      1.073786175148883,
      1.0933771985359686
    ],
    "D0_T0": [
      0.23744938690053372,
      0.23744625250838322,
      0.23743675385312485,
      0.23742060439505708,
      0.23739732674336592,
      0.2373662519370335,
      0.23732651993103845,
      0.2372770783143604,
      0.23721668290367162,
      0.23714389683575673,
      0.23705708918442728,
      0.23695443512014575,
      0.23683391443593935,
      0.23669331022437315,
      0.23653020862865748,
      0.23634199780130782,
      0.23612586462491,
      0.23587879872152298,
      0.23559758868843825,
      0.23527882304422112,
      0.23491889187536566,
      0.2345139899046767,
      0.23406011760188833,
      0.23355308722545476,
      0.23298852756082536,
      0.23236189133719615,
      0.23166846346456765,
      0.23090337290572882,
      0.2300615986676653,
      0.229137990628485,
      0.2281272778243029,
      0.22702408194897422,
      0.22582293605936102,
      0.2245183012628482,
      0.22310457895869504,
      0.22157613021282044,
      0.21992728971401648,
      0.21815238323482866,
      0.2162457383258505,
      0.21420170626523852,
      0.21201466754041584,
      0.2096790483743985,
      0.2071893313375325,
      0.2045400661866553,
      0.20172587939830836,
      0.1987414818462057,
      0.1955816794590851,
      0.19224137651563525,
      0.1887155846148315,
      0.18499942928318713
    ],
    "DS_T0": [
      1.447393121093195,
      1.447677995786388,
      1.4485325028912823,
      1.4499562887944777,
      1.4519487631158017,
      1.4545090851458533,
      1.457636152110338,
      1.461328591993874,
      1.4655847422277692,
      1.470402629624671,
      1.4757799455428744,
      1.4817140185951145,
      1.488201789428762,
      1.4952397720655788,
      1.5028240276811047,
      1.5109501291792822,
      1.5196131058649018,
      1.5288074472401743,
      1.5385270336688976,
      1.548765120530541,
      1.5595143053955618,
      1.5707665203173706,
      1.5825129924527204,
      1.5947442611491693,
      1.6074501579342548,
      1.6206198246814256,
      1.6342417263555498,
      1.6483036998846496,
      1.6627929324656834,
      1.6776960954554894,
      1.6929993190763841,
      1.7086882731602941,
      1.724748261926908,
      1.7411642500716753,
      1.7579209428333387,
      1.7750028804784006,
      1.7923944641273788,
      1.8100800659279512,
      1.8280440581383197,
      1.8462708934580572,
      1.8647451467423288,
      1.8834515691930522,
      1.9023751278518022,
      1.9215010522916303,
      1.940814849968567,
      1.9603023485859281,
      1.9799497065782794,
      1.999743437343284,
      2.0196704160445433,
      2.0397178736122754
    ],