{
  "VSO_arr": [
    0.0,
    0.0163,
    0.0327,
    0.049,
    0.0653,
    0.0816,
    0.098,
    0.1143,
    0.1306,
    0.1469,
    0.1633,
    0.1796,
    0.1959,
    0.2122,
    0.2286,
    0.2449,
    0.2612,
    0.2776,
    0.2939,
    0.3102,
    0.3265,
    0.3429,
    0.3592,
    0.3755,
    0.3918,
    0.4082,
    0.4245,
    0.4408,
    0.4571,
    0.4735,
    0.4898,
    0.5061,
    0.5224,
    0.5388,
    0.5551,
    0.5714,
    0.5878,
    0.6041,
    0.6204,
    0.6367,
    0.6531,
    0.6694,
    0.6857,
    0.702,
    0.7184,
    0.7347,
    0.751,
    0.7673,
    0.7837,
    0.8
  ],
  "T_fracs": [
    0.3,
    0.5,
    0.7,
    0.9
  ],
  "results": {
    "0.3": {
      "ratio": [
        0.9467901929777808,
        0.9471288678812917,
        0.9468589092150557,
        0.9466251015272259,
        0.9460242647203368,
        0.9445001862769776,
        0.9435529275039459,
        0.9427477611566167,
        0.9426708787440651,
        0.9409912210366959,
        0.9395114565809356,
        0.9392861482672995,
        0.9376445598200415,
        0.9372735423477287,
        0.9358469207669898,
        0.9355084787069441,
        0.9342966184890402,
        0.9341732194795287,
        0.9335044445152566,
        0.9330598600875238,
        0.9331300033269837,
        0.9330369763288154,
        0.9328177781027471,
        0.9330036562502866,
        0.9334833969056273,
        0.934049698117721,
        0.9347109402526911,
        0.9354953322018151,
        0.9364123056905505,
        0.9374655132391058,
        0.938611295253008,
        0.9398256015125321,
        0.9410616519504743,
        0.9422610047569536,
        0.9433956469435955,
        0.9445539614054529,
        0.9454454809873611,
        0.9460152690963989,
        0.9462328772836571,
        0.9461215320735419,
        0.9458752569885523,
        0.9454125675281758,
        0.9447135591895812,
        0.9438226872637094,
        0.9428114731952559,
        0.9418489937004332,
        0.9407306653856499,
        0.9394685771954742,
        0.9381401832973628,
        0.9368700371670006
      ],
      "Delta": [
        0.06670300343746613,
        0.06625995547979421,
        0.06698304173037552,
        0.06745518449359825,
        0.06794968057012513,
        0.06954920007039189,
        0.0701372666591366,
        0.07209382775307999,
        0.07363509553267499,
        0.07561154913356925,
        0.07776199134413479,
        0.08046994233765922,
        0.08296169260999625,
        0.08608537235069076,
        0.08939390021894388,
        0.09300803379862216,
        0.0967982622177296,
        0.10105010322762671,
        0.10555343308754978,
        0.11039034631585591,
        0.11553104416507845,
        0.12105648810107812,
        0.12692858184547962,
        0.13317530065771913,
        0.13980143512509657,
        0.1468301698131226,
        0.15427578351979462,
        0.16215661757266653,
        0.17048904199464976,
        0.17929368443910224,
        0.18858672787198552,
        0.19838966512706496,
        0.20871381761008623,
        0.21956765620232738,
        0.23095410569743577,
        0.24285926135785912,
        0.2552638766538391,
        0.268126385574373,
        0.2813969914256471,
        0.2950209171984957,
        0.30893387893735474,
        0.32307999673388293,
        0.3374066325406807,
        0.35186778702064225,
        0.36643593890692044,
        0.3810842794943491,
        0.39579072562956735,
        0.4105531987757809,
        0.42535942296252893,
        0.4402041287119208
      ],
      "mu": [
        3.3368027225988244,
        3.337204510869806,
        3.3385795456166436,
        3.3408007399162774,
        3.3438960171118652,
        3.34794702081352,
        3.352820749230854,
        3.3586438543958193,
        3.365301348674712,
        3.372858540545241,
        3.381346619238717,
        3.3906961215875775,
        3.4008834450881698,
        3.4119835621988233,
        3.424026959666427,
        3.4368791777746988,
        3.450592917410763,
        3.4652830539629838,
        3.480750290241027,
        3.4970829263489813,
        3.5142720881886715,
        3.5324298553991254,
        3.551330698630671,
        3.5710730668530397,
        3.5916463314434273,
        3.6131675640510656,
        3.6353704269872282,
        3.658359802627532,
        3.6821121294018404,
        3.706743167130309,
        3.7319311280459684,
        3.757773450498079,
        3.784217493467872,
        3.811360345938093,
        3.8388226650165107,
        3.866688231499431,
        3.895051441960393,
        3.9235233007086863,
        3.952213125207135,
        3.9810834840829403,
        4.010276428255034,
        4.03944978679582,
        4.0687694880258665,
        4.09824300414605,
        4.128051205683432,
        4.157875901915444,
        4.187899968364026,
        4.2181422595833045,
        4.2487876804215094,
        4.279512830892598
      ]
    },
    "0.5": {
      "ratio": [
        0.9502577764189423,
        0.950565168651994,
        0.9503090287893523,
        0.9501797260299627,
        0.9499161333038312,
        0.9487920181317745,
        0.9479606228663721,
        0.9465643757201377,
        0.9465321071298342,
        0.9454128961566671,
        0.9436903574893392,
        0.9433921489164955,
        0.9421066592031658,
        0.9413304082909709,
        0.940268353998124,
        0.9396062570944553,
        0.9385695851834646,
        0.9382864469466557,
        0.9373488363882396,
        0.9370395717925092,
        0.9369063203990804,
        0.9365479912697775,
        0.936063870189269,
        0.936268123972721,
        0.936509522454252,
        0.936796291899075,
        0.937155306589756,
        0.9376227885019408,
        0.9382124287850719,
        0.9389323776447391,
        0.939739456830639,
        0.9406130632189902,
        0.9415085302708729,
        0.9423614417067498,
        0.9431213863716003,
        0.9438204164638623,
        0.9444536772761203,
        0.9447952471715421,
        0.9447854611300645,
        0.9444667218910211,
        0.9438418442361154,
        0.9431693828027767,
        0.9422786562726005,
        0.9411808861812941,
        0.9398992468192557,
        0.9384793112626358,
        0.9371789721312892,
        0.935745847457361,
        0.9342061830799855,
        0.9325422039709621
      ],
      "Delta": [
        0.06055574128808441,
        0.06015352405467081,
        0.0608099716156899,
        0.061238602315168984,
        0.06168752627563514,
        0.06313963613653827,
        0.06367350727236465,
        0.06544975423746935,
        0.06684898078060865,
        0.06864328698506406,
        0.0705955472349352,
        0.07305393698253343,
        0.07531605078656348,
        0.07815185626002556,
        0.08115547449772877,
        0.084436534221475,
        0.08787746011299635,
        0.09173745697857645,
        0.09582576580844891,
        0.10021691539680014,
        0.1048838532100213,
        0.10990007941044862,
        0.11523100862323465,
        0.12090203794424594,
        0.12691751646647978,
        0.1332984920960062,
        0.1400579277153474,
        0.14721247433913529,
        0.15477699335023457,
        0.16277021138426506,
        0.171206820006067,
        0.1801063312977652,
        0.18947902329905839,
        0.19933258622580968,
        0.20966967532648326,
        0.22047766730607735,
        0.23173908937001483,
        0.24341620617687262,
        0.2554638102314528,
        0.2678321727025989,
        0.2804629339605866,
        0.29330536391683903,
        0.3063116755780282,
        0.31944010884620244,
        0.3326656787787172,
        0.3459640473258498,
        0.359315166488967,
        0.3727171492865254,
        0.38615885108555537,
        0.3996354880364036
      ],