{
  "VSO_arr": [
    0.0,
    0.0163,
    0.0327,
    0.049,
    0.0653,
    0.0816,
    0.098,
    0.1143,
    0.1306,
    0.1469,
    0.1633,
    0.1796,
    0.1959,
    0.2122,
    0.2286,
    0.2449,
    0.2612,
    0.2776,
    0.2939,
    0.3102,
    0.3265,
    0.3429,
    0.3592,
    0.3755,
    0.3918,
    0.4082,
    0.4245,
    0.4408,
    0.4571,
    0.4735,
    0.4898,
    0.5061,
    0.5224,
    0.5388,
    0.5551,
    0.5714,
    0.5878,
    0.6041,
    0.6204,
    0.6367,
    0.6531,
    0.6694,
    0.6857,
    0.702,
    0.7184,
    0.7347,
    0.751,
    0.7673,
    0.7837,
    0.8
  ],
  "T_fracs": [
    0.3,
    0.5,
    0.7,
    0.9
  ],
  "results": {
    "0.3": {
      "ratio": [
        0.9130990314214248,
        0.9130674918535094,
        0.9129691179202523,
        0.9130031031016279,
        0.9130336491225731,
        0.9129962937907612,
        0.9128613521310042,
        0.9126087411194954,
        0.9125685798926291,
        0.9126586099515129,
        0.9125272734019026,
        0.912712956533509,
        0.912919239769858,
        0.9131857138000918,
        0.9137022664093475,
        0.9143064788462727,
        0.915021986415465,
        0.9160998527925623,
        0.917118575655189,
        0.9184423076887402,
        0.9200366440738759,
        0.9217001049270785,
        0.923455590380409,
        0.9253258366241753,
        0.9275005508496358,
        0.9297610925200767,
        0.9320647339039342,
        0.9343977194060764,
        0.9367270057420815,
        0.9390198272284718,
        0.9412100590482282,
        0.9432536099587262,
        0.9451073021876367,
        0.9467860092985234,
        0.9481930501779963,
        0.9492683243528498,
        0.9499696342805783,
        0.950281587630219,
        0.950194994975626,
        0.9498888764404397,
        0.9492868677362757,
        0.9483887021809716,
        0.9472293348092132,
        0.945945714735159,
        0.9445689308119918,
        0.942987103407899,
        0.9412296080589366,
        0.9395499222520285,
        0.93770678797738,
        0.9357319911727568
      ],
      "Delta": [
        0.1974479380114667,
        0.1975926350117802,
        0.19802880549048857,
        0.19875520498841134,
        0.19977316242337692,
        0.20108390055445766,
        0.20268607054000606,
        0.20458343823832156,
        0.20677403876659944,
        0.209262212265655,
        0.21204870836166947,
        0.21513382548544224,
        0.21852330866187314,
        0.2222158228556823,
        0.22621682399339835,
        0.23052819222926826,
        0.23515479386531235,
        0.24009939844267267,
        0.24536672946497098,
        0.2509625166574973,
        0.2568884952368622,
        0.2631569583681488,
        0.2697658193187999,
        0.27672480852212417,
        0.2840417971826024,
        0.2917152441335926,
        0.29975810515750223,
        0.3081699907060182,
        0.31695282972944955,
        0.3261109097316747,
        0.33563913166573994,
        0.34553929864444183,
        0.355801932437142,
        0.3664154507780838,
        0.3773782504091309,
        0.38866858698716633,
        0.40027116645205585,
        0.4121765973492976,
        0.4243607644066932,
        0.43680773870683903,
        0.4495068770874518,
        0.46243545586035195,
        0.47558099598159986,
        0.488941686204397,
        0.5024943398778446,
        0.5162281154310364,
        0.5301549248709034,
        0.544258861464628,
        0.5585199264496995,
        0.5729666869935598
      ],
      "mu": [
        3.355294238241736,
        3.3557572014229113,
        3.3571570526672425,
        3.359477201230274,
        3.3627226948956705,
        3.3668929147890885,
        3.3720183994554374,
        3.3780401012354604,
        3.3849824959574657,
        3.3928445470243975,
        3.401676876383854,
        3.4113762169715143,
        3.4219882611179457,
        3.4335089055718058,
        3.4460082857899867,
        3.4593400021646534,
        3.473567463441667,
        3.4887726181070664,
        3.5047768035187334,
        3.5216551611129083,
        3.539397134890919,
        3.558100081549362,
        3.5775385452718877,
        3.597800200873418,
        3.618867023694741,
        3.640839840451102,
        3.6634507557221974,
        3.6867902411123943,
        3.7108256148621774,
        3.7356604708199694,
        3.760979644776775,
        3.7868781083652876,
        3.813311937143472,
        3.8403858504701116,
        3.867763350670391,
        3.89555167540103,
        3.9238706958226195,
        3.9523846025584684,
        3.9812198959871403,
        4.010363246785046,
        4.039962718048348,
        4.06969158324772,
        4.099706666446343,
        4.130012347956627,
        4.160774377632107,
        4.19166736569471,
        4.222869338420162,
        4.254385154693984,
        4.286383412440269,
        4.318553408339482
      ]
    },
    "0.5": {
      "ratio": [
        0.9146916124889504,
        0.9146549964066817,
        0.9145386494086754,
        0.9143412570129861,
        0.9142498884344754,
        0.9142517251640374,
        0.9141482754655901,
        0.9138956520285326,
        0.9134628697735457,
        0.9135893258546692,
        0.9134612057036913,
        0.9132394904550084,
        0.9134744148450848,
        0.9133132860658708,
        0.9138337624457316,
        0.9139851567656238,
        0.9146905118884,
        0.9153395281408334,
        0.9160255726571445,
        0.9171947996143958,
        0.9183615939977411,
        0.9195680716328526,
        0.9210242607644205,
        0.922759346202058,
        0.9245399407932671,
        0.9264302065134052,
        0.9283735064860857,
        0.9303681967622295,
        0.932385246602853,
        0.9343974370962673,
        0.9363352614746516,
        0.9381597028879634,
        0.9398462322099649,
        0.9412938305255457,
        0.9424705593976871,
        0.9433768690638642,
        0.9440919052733682,
        0.9444759193606448,
        0.9444710291633761,
        0.9441507313279689,
        0.943496169783405,
        0.9426237393940411,
        0.9416148728662719,
        0.9403769917314184,
        0.9389602429894796,
        0.937395417287187,
        0.9358694820264781,
        0.9342032346401467,
        0.9323985903767184,
        0.9307178713912567
      ],
      "Delta": [
        0.17925139252983396,
        0.1793827544425604,
        0.17977872801653788,
        0.18043818348032736,
        0.18136232728041649,
        0.18255226948798983,
        0.18400678556889405,
        0.18572929432481952,
        0.18771801195400842,
        0.18997687861553636,
        0.1925065748510095,
        0.1953073715882324,
        0.1983844843980729,
        0.2017367012803684,
        0.20536897535054582,
        0.2092830134902791,
        0.21348323352951573,
        0.2179721497720837,
        0.22275405040964688,
        0.2278341371234555,
        0.23321398521481124,
        0.23890475492667215,
        0.24490455183704282,
        0.25122220963513797,
        0.2578648741254583,
        0.26483114617327735,
        0.2721327875729257,
        0.2797694446763567,
        0.2877428686643247,
        0.29605695190992004,
        0.30470706528773267,
        0.313694845738026,
        0.323011688531585,
        0.33264707880922,
        0.34259956106698164,
        0.3528493948921687,
        0.36338269570536186,
        0.3741909375563067,
        0.3852522276049648,
        0.39655210492226867,
        0.4080809072059456,
        0.4198180049534005,
        0.431752069173173,
        0.44388145554061653,
        0.4561851142564597,
        0.4686532028948878,
        0.48129653566774677,
        0.49410067178605244,
        0.5070474555472688,
        0.5201628214057952
      ],