{
  "VSO_arr": [
    0.0,
    0.0163,
    0.0327,
    0.049,
    0.0653,
    0.0816,
    0.098,
    0.1143,
    0.1306,
    0.1469,
    0.1633,
    0.1796,
    0.1959,
    0.2122,
    0.2286,
    0.2449,
    0.2612,
    0.2776,
    0.2939,
    0.3102,
    0.3265,
    0.3429,
    0.3592,
    0.3755,
    0.3918,
    0.4082,
    0.4245,
    0.4408,
    0.4571,
    0.4735,
    0.4898,
    0.5061,
    0.5224,
    0.5388,
    0.5551,
    0.5714,
    0.5878,
    0.6041,
    0.6204,
    0.6367,
    0.6531,
    0.6694,
    0.6857,
    0.702,
    0.7184,
    0.7347,
    0.751,
    0.7673,
    0.7837,
    0.8
  ],
  "T_fracs": [
    0.3,
    0.5,
    0.7,
    0.9
  ],
  "results": {
    "0.3": {
      "ratio": [
        0.9408745093082351,
        0.9408917004580535,
        0.9409421379190567,
        0.9410193170713741,
        0.9411022970658246,
        0.9411910586419415,
        0.9413070616708644,
        0.9415699176996409,
        0.9418084412461905,
        0.9419868918537634,
        0.9424046466768767,
        0.9427221047370856,
        0.9431649617253736,
        0.9435849375243326,
        0.944133006267731,
        0.944598360041932,
        0.9452488714789248,
        0.9458507769466693,
        0.9464212467644841,
        0.9470610082566094,
        0.9477095083819388,
        0.9482918661594018,
        0.9488074024197414,
        0.949258996429286,
        0.9496067583334711,
        0.9498467801009242,
        0.9499649108516104,
        0.9499201982580858,
        0.9497037695741656,
        0.9493058569949542,
        0.9486911883819626,
        0.9478670642787992,
        0.9468115467004429,
        0.9455781395134334,
        0.9442357945144368,
        0.9427372383205489,
        0.941092400281377,
        0.9394757299327721,
        0.9378461178422105,
        0.9361605543712175,
        0.9346904886283696,
        0.9332410792358556,
        0.932034863118785,
        0.9310112792252198,
        0.9303461437235715,
        0.9299954434510395,
        0.930308174455268,
        0.9310017942155502,
        0.9325639744896634,
        0.9345660215984906
      ],
      "Delta": [
        0.5983222401939434,
        0.5984943587165267,
        0.5990199319527708,
        0.5998897064704218,
        0.6011093944561329,
        0.6026817469014136,
        0.6046014027849365,
        0.6068752105264156,
        0.6094991303564348,
        0.6124786172420142,
        0.6158117715021565,
        0.6195078383248113,
        0.6235530075458627,
        0.6279716859404098,
        0.6327402355743421,
        0.6378846596757953,
        0.643386929415456,
        0.6492612710896305,
        0.6555050999963884,
        0.6621259219653032,
        0.6691137098346482,
        0.6764858176925983,
        0.6842276313931187,
        0.6923593980974679,
        0.7008631805927158,
        0.7097532524535232,
        0.7190350307897337,
        0.7286839015850479,
        0.7387393995414755,
        0.7491781440432234,
        0.7599951584945853,
        0.7712176203129999,
        0.7828256519280707,
        0.7948219277611173,
        0.8072202572375132,
        0.8200121446832135,
        0.8331951790281691,
        0.8467858579988095,
        0.8607771886124622,
        0.8751744847781127,
        0.8899864058113968,
        0.9052103298081172,
        0.9208800926870042,
        0.9370097959974325,
        0.9536114608611279,
        0.9706636496635046,
        0.9881206240998577,
        1.006021869969637,
        1.024326726414082,
        1.0430153716188992
      ],
      "mu": [
        3.5083379047260976,
        3.5088475221853517,
        3.510391346519116,
        3.5129479544217217,
        3.5165316628053858,
        3.521134050145492,
        3.5267793601970787,
        3.533411975828603,
        3.5410503456798077,
        3.549700415543742,
        3.559388346351001,
        3.5700338800706874,
        3.581657915522818,
        3.594265286350568,
        3.6079011121792717,
        3.622436336415895,
        3.6379125837232205,
        3.6544168402619914,
        3.671754055668314,
        3.690011640282778,
        3.709146625646291,
        3.7292723760501003,
        3.7501600907232975,
        3.7718857298545934,
        3.794445047591967,
        3.817928582637888,
        3.8420867224105177,
        3.867023334469538,
        3.89273199009268,
        3.9192898409911505,
        3.9464651383052893,
        3.974348084364484,
        4.002948770939005,
        4.032353402693039,
        4.062334894301494,
        4.0929685298802845,
        4.124405311098946,
        4.156372159196383,
        4.1889976798857935,
        4.222282020016762,
        4.256375616290409,
        4.290951537784744,
        4.326241697846521,
        4.36219103279885,
        4.398995774333644,
        4.436340819111002,
        4.47434725662873,
        4.513047840292344,
        4.552573420290003,
        4.592549804611878
      ]
    },
    "0.5": {
      "ratio": [
        0.9335331327702883,
        0.9335441515736567,
        0.9335759406306484,
        0.9336221886392325,
        0.9337295152921045,
        0.9339322822338728,
        0.9341421292749393,
        0.9343375444632941,
        0.9345693040644889,
        0.9349519611819199,
        0.9352634486109458,
        0.9357134052153193,
        0.936157858107421,
        0.936693094034357,
        0.9372118218560788,
        0.9378792063903137,
        0.9384847003626653,
        0.9391800975070058,
        0.9399343735269041,
        0.9406597303363852,
        0.9413594810282863,
        0.9420582298615284,
        0.9427937002078024,
        0.9434693775886662,
        0.9440730235573539,
        0.9445905748007293,
        0.9450036162655074,
        0.9452913361387016,
        0.9454350880330727,
        0.9454156194058805,
        0.945286725687321,
        0.9449781964586971,
        0.9444693494328825,
        0.9437591515310807,
        0.942890871528251,
        0.9419758227148533,
        0.9409175354557284,
        0.9397892812405158,
        0.9387443606367408,
        0.9376374272163731,
        0.9366931378614477,
        0.9358043468593007,
        0.9351593553550608,
        0.9346619395588734,
        0.9345888384560828,
        0.9347638838389833,
        0.9356158650719005,
        0.9369647695192279,
        0.9387837717773397,
        0.9411578204611051
      ],
      "Delta": [
        0.5431816397601763,
        0.5433378960633009,
        0.5438150331528141,
        0.5446046503807583,
        0.5457119335060847,
        0.5471393799924993,
        0.5488821228834359,
        0.5509463794571438,
        0.5533284822441087,
        0.5560333834886761,
        0.5590593585819817,
        0.5624148006874632,
        0.5660871723677905,
        0.5700986311013734,
        0.5744277173954038,
        0.5790980380542905,
        0.58409322576221,
        0.5894261957384812,
        0.5950946014839461,
        0.6011052571006746,
        0.6074490595171397,
        0.6141417634912928,
        0.6211701016978141,
        0.6285524553458814,
        0.636272540292808,
        0.6443433146791552,
        0.6527696963809603,
        0.6615293397776925,
        0.6706581361045797,
        0.6801348594730091,
        0.6899549919238699,
        0.7001432062391133,
        0.7106814567394094,
        0.721572171374883,
        0.7328278869122041,
        0.7444408906276114,
        0.7564089936521399,
        0.7687471733031815,
        0.7814490810622633,
        0.7945195411154212,
        0.8079664147470107,
        0.8217873216841195,
        0.8360129795711604,
        0.8506561903770359,
        0.865727867372509,
        0.8812085486057065,
        0.897056710954671,
        0.9133082012588672,
        0.9299261059114594,
        0.9468924298508105
      ],