{
  "meta": {
    "t": 1.0,
    "Delta_t_over_t": 4.5,
    "V_SO": 0.8,
    "n_filling": 1.885,
    "U_min": 75.0,
    "U_max": 125.0,
    "N_U_points": 50,
    "Nk": 80
  },
  "results": {
    "U": [
      75.0,
      76.0204081632653,
      77.04081632653062,
      78.06122448979592,
      79.08163265306122,
      80.10204081632654,
      81.12244897959184,
      82.14285714285714,
      83.16326530612245,
      84.18367346938776,
      85.20408163265306,
      86.22448979591837,
      87.24489795918367,
      88.26530612244898,
      89.28571428571429,
      90.3061224489796,
      91.3265306122449,
      92.34693877551021,
      93.36734693877551,
      94.38775510204081,
      95.40816326530611,
      96.42857142857143,
      97.44897959183673,
      98.46938775510205,
      99.48979591836735,
      100.51020408163265,
      101.53061224489795,
      102.55102040816327,
      103.57142857142857,
      104.59183673469389,
      105.61224489795919,
      106.63265306122449,
      107.65306122448979,
      108.6734693877551,
      109.6938775510204,
      110.71428571428572,
      111.73469387755102,
      112.75510204081633,
      113.77551020408163,
      114.79591836734694,
      115.81632653061224,
      116.83673469387756,
      117.85714285714286,
      118.87755102040816,
      119.89795918367346,
      120.91836734693878,
      121.93877551020408,
      122.9591836734694,
      123.9795918367347,
      125.0
    ],
    "Tc": [
      0.9535525138219685,
      0.9354634539753335,
      0.9177532355520948,
      0.9004021980467691,
      0.8834601036827434,
      0.8660295892569841,
      0.8497995906710951,
      0.8331130594350298,
      0.816818542363874,
      0.8017045354169192,
      0.7861115990514062,
      0.7708571793203399,
      0.7559155841301852,
      0.740487787003985,
      0.7261402024875818,
      0.7120747678653521,
      0.6982761369340476,
      0.6847299976248071,
      0.6707199159775902,
      0.6576890601521073,
      0.6448943197900059,
      0.6316229805556004,
      0.6192926745177402,
      0.6064983530639203,
      0.5945986832644083,
      0.5822377631174447,
      0.5707632102750144,
      0.5588251368207711,
      0.5477342625014632,
      0.5368318995305712,
      0.5254831903172231,
      0.5149459292443994,
      0.5039658350553108,
      0.4937713961991677,
      0.4831467193843916,
      0.4732906065183473,
      0.46300214285189756,
      0.4534548737123235,
      0.4440646867429372,
      0.43425804018323566,
      0.4251617824151162,
      0.4156488879883291,
      0.40683850429774304,
      0.39816867294711134,
      0.38962386408457256,
      0.38067925974448724,
      0.37239598235147064,
      0.36424499118035025,
      0.35621082706701007,
      0.3482948751709407
    ],
    "Deff_T0": [
      1.0933771990333054,
      1.0788328610155127,
      1.0645589263614914,
      1.0505371979387081,
      1.0368305253085195,
      1.02339388939279,
      1.0101952094347384,
      0.9972882247314593,
      0.9846719317441817,
      0.9723241622822417,
      0.9602193384192215,
      0.9483568983009135,
      0.9367102714615766,
      0.9252511311742346,
      0.9139986015890992,
      0.9029370560792037,
      0.8920511678383966,
      0.8813264799064864,
      0.8707804484521813,
      0.8603914999897898,
      0.8501537248468378,
      0.8400556313275405,
      0.8301092015513812,
      0.8203041378643635,
      0.8106175820197962,
      0.8010607191971587,
      0.791639529484066,
      0.7823295977585281,
      0.7731288924748501,
      0.764043413313465,
      0.7550697395746627,
      0.7461954787804064,
      0.737422278089128,
      0.7287377136527156,
      0.7201566838788154,
      0.7116655559223468,
      0.7032587513938943,
      0.6949265966729439,
      0.6866867350371569,
      0.6785307761758023,
      0.6704405640723607,
      0.6624170159486859,
      0.6544721774901149,
      0.6466047712920481,
      0.638791562012084,
      0.6310375555609867,
      0.6233460197186053,
      0.6157261176419644,
      0.6081536005412268,
      0.6006322899221422
    ],
    "D0_T0": [
      0.18499942920728477,
      0.19529554583084213,
      0.2051853617514896,
      0.21468153335697093,
      0.2237962369264588,
      0.23254118981972702,
      0.24092766666107066,
      0.24896651698690797,
      0.25666818352606,
      0.26404271383526096,
      0.271099780902167,
      0.27784868971721577,
      0.2842984056193662,
      0.2904575541212141,
      0.296334440409196,
      0.30193706067700693,
      0.30727311504159965,
      0.3123500212035095,
      0.31717492164126826,
      0.3217546930938905,
      0.3260959658497167,
      0.3302051238256454,
      0.33408831919215404,
      0.33775148040861824,
      0.3412003207085,
      0.344440347534147,
      0.34747686591010685,
      0.35031499626411466,
      0.35295967057849786,
      0.3554156471586587,
      0.35768751162320944,
      0.3597796898130796,
      0.36169644867536377,
      0.3634419035001966,
      0.3650200252704094,
      0.3664346437300371,
      0.36768945645969114,
      0.3687880282781134,
      0.3697337996105319,
      0.37053009145023186,
      0.3711801063560062,
      0.3716869366019018,
      0.3720535660870855,
      0.372282873302286,
      0.37237763708148824,
      0.37234053655970095,
      0.37217415850848506,
      0.3718809973496166,
      0.3714634600955983,
      0.37092386678085465
    ],
    "DS_T0": [
      2.0397178745679327,
      2.0102485350975154,
      1.9812090537075757,
      1.9525911368191773,
      1.9243867545523228,
      1.8965879159585464,
      1.869186769869671,
      1.8421755928222292,
      1.8155468067810425,
      1.78929292579889,
      1.7634066460411715,
      1.737880763607586,
      1.7127082156579534,
      1.687882068243375,
      1.6633955196904577,
      1.6392418977494152,
      1.6154146596075745,
      1.591907391046199,
      1.5687138079037874,
      1.5458277377506164,
      1.5232431488907416,
      1.5009541280841077,
      1.478954877985595,
      1.4572397236450094,
      1.4358031055793705,
      1.414639583198267,
      1.3937438146416576,
      1.3731105933276735,
      1.35273480482071,
      1.3326114510366283,
      1.3127356230804907,
      1.2931025378666623,
      1.2737074945574818,
      1.254545902440288,
      1.2356132605929264,
      1.2169051657074974,
      1.198417301742497,
      1.180145452991236,
      1.1620854808443994,
      1.1442333387180132,
      1.126585059982046,
      1.1091367603880067,
      1.0918846391436074,
      1.0748249698971604,
      1.0579540935513903,
      1.041268439316588,
      1.0247644922269514,
      1.0084388172979952,
      0.9922880406204249,
      0.976308851722988
    ],