{
  "meta": {
    "t": 1.0,
    "Delta_t_over_t": 4.5,
    "V_SO": 0.4,
    "n_filling": 1.885,
    "U_min": 75.0,
    "U_max": 125.0,
    "N_U_points": 50,
    "Nk": 80
  },
  "results": {
    "U": [
      75.0,
      76.0204081632653,
      77.04081632653062,
      78.06122448979592,
      79.08163265306122,
      80.10204081632654,
      81.12244897959184,
      82.14285714285714,
      83.16326530612245,
      84.18367346938776,
      85.20408163265306,
      86.22448979591837,
      87.24489795918367,
      88.26530612244898,
      89.28571428571429,
      90.3061224489796,
      91.3265306122449,
      92.34693877551021,
      93.36734693877551,
      94.38775510204081,
      95.40816326530611,
      96.42857142857143,
      97.44897959183673,
      98.46938775510205,
      99.48979591836735,
      100.51020408163265,
      101.53061224489795,
      102.55102040816327,
      103.57142857142857,
      104.59183673469389,
      105.61224489795919,
      106.63265306122449,
      107.65306122448979,
      108.6734693877551,
      109.6938775510204,
      110.71428571428572,
      111.73469387755102,
      112.75510204081633,
      113.77551020408163,
      114.79591836734694,
      115.81632653061224,
      116.83673469387756,
      117.85714285714286,
      118.87755102040816,
      119.89795918367346,
      120.91836734693878,
      121.93877551020408,
      122.9591836734694,
      123.9795918367347,
      125.0
    ],
    "Tc": [
      0.616368984205228,
      0.6021420159095646,
      0.5876070862495206,
      0.573961507743098,
      0.5600268207542205,
      0.546373656764961,
      0.533554078993163,
      0.5204426029241032,
      0.5075891079573767,
      0.49552095544246766,
      0.48315782665808815,
      0.4710324247235428,
      0.4591365438517097,
      0.44797354334720085,
      0.43626705777009855,
      0.4255153692907575,
      0.4139928536028585,
      0.4036356521651201,
      0.3934596267815267,
      0.38254428619070585,
      0.372735068320436,
      0.363091486105492,
      0.35273930514723956,
      0.34343750463867995,
      0.3342906972839047,
      0.32529595518728915,
      0.3156375467997956,
      0.3069550950563128,
      0.2984140242811473,
      0.2892403200979102,
      0.28099447336416383,
      0.2728825654083103,
      0.2649022509698443,
      0.257054156677193,
      0.24862909189578034,
      0.2410490646779641,
      0.23359253653921036,
      0.22626071343295265,
      0.21904900823181472,
      0.2113196103526654,
      0.20435892138566242,
      0.1975164472133725,
      0.19078949022250935,
      0.18417701786052482,
      0.17767851623100278,
      0.17129410708483794,
      0.16447888062489324,
      0.15833178679619817,
      0.15229635645185485,
      0.1463733169368059
    ],
    "Deff_T0": [
      0.7393099471735716,
      0.7280786469015816,
      0.7170188323988037,
      0.706123481534263,
      0.6954092075126911,
      0.6848459665982051,
      0.6744240792346728,
      0.6641595246792121,
      0.6540286031266938,
      0.6440217397557211,
      0.6341470665678215,
      0.6243907907415384,
      0.6147454991735077,
      0.6052119127886902,
      0.5957810280349424,
      0.5864477394245395,
      0.5772095692520571,
      0.568059466079924,
      0.5589930945929441,
      0.5500099675790074,
      0.5411032570762028,
      0.5322649284173646,
      0.5234969578625236,
      0.5147955481632865,
      0.506152806823428,
      0.49756605365744905,
      0.48903845112153715,
      0.4805595953639327,
      0.47212521087996606,
      0.4637373474878227,
      0.4553938714794035,
      0.44708721846722793,
      0.4388147258306773,
      0.4305785898457378,
      0.422373506036712,
      0.4141965855843931,
      0.40604445363846486,
      0.3979201046883986,
      0.38981636632583144,
      0.3817333597966524,
      0.3736682032032826,
      0.3656224263971248,
      0.35759170119219463,
      0.34957464025204116,
      0.34157078204978153,
      0.3335808789138479,
      0.32560315839715953,
      0.3176344680112198,
      0.3096763649494125,
      0.3017307858869851
    ],
    "D0_T0": [
      0.2326832599060044,
      0.23788594030874569,
      0.24276514424478932,
      0.24733080191949794,
      0.25159238560539987,
      0.2555589279199875,
      0.25923905014842635,
      0.26264097580702067,
      0.26577255017077533,
      0.2686412572988351,
      0.27125424138103765,
      0.27361831918810736,
      0.2757399959853761,
      0.27762548068644305,
      0.27928070084707063,
      0.2807113149034972,
      0.2819227252646421,
      0.28292009253936284,
      0.28370834153737634,
      0.2842921837508046,
      0.2846761155359448,
      0.28486443714893805,
      0.28486126214898577,
      0.2846705229164098,
      0.2842959837449083,
      0.2837412526339156,
      0.28300978489455464,
      0.2821048951998942,
      0.2810297680820919,
      0.27978746370849256,
      0.2783809271765172,
      0.2768130007388543,
      0.27508642944500417,
      0.2732038695075144,
      0.27116789976895017,
      0.2689810300048338,
      0.26664570954532324,
      0.2641643380519051,
      0.2615392750329673,
      0.2587728497515494,
      0.2558673714221325,
      0.2528251436308754,
      0.2496484714978044,
      0.2463396749389487,
      0.24290110416350075,
      0.2393351486956372,
      0.2356442552590983,
      0.23183093857588394,
      0.22789780031468687,
      0.22384754031035595
    ],
    "DS_T0": [
      1.6139777255191075,
      1.584473388061185,
      1.5554136230045525,
      1.526787107953668,
      1.4985827962098548,
      1.4707898869671905,
      1.4433978817753597,
      1.4163965198472943,
      1.389775808551176,
      1.3635259901506616,
      1.3376375835828926,
      1.312101332371829,
      1.2869082296294792,
      1.2620495011937416,
      1.237516612742569,
      1.213301253350394,
      1.1893953382074034,
      1.1657910129403823,
      1.1424806176352575,
      1.1194567438226113,
      1.0967121650020104,
      1.0742398748236464,
      1.0520330821576154,
      1.0300851899289456,
      1.0083898015960278,
      0.9869407388727871,
      0.9657320103552108,
      0.9447578282288102,
      0.924012608497571,
      0.9034909662366254,
      0.8831877097278521,
      0.8630978619774808,
      0.8432166454904968,
      0.8235394862015919,
      0.8040620246448422,
      0.7847801111661692,
      0.7656898181323657,
      0.7467874360728332,
      0.7280694873264493,
      0.7095327276128041,
      0.6911741535264395,
      0.6729910161671194,
      0.654980822893741,
      0.6371413468472474,
      0.6194706460186173,
      0.6019670645352279,
      0.5846292493315535,
      0.5674561642707157,
      0.550447102948583,
      0.5336016969782822
    ],