{
  "U_arr": [
    75.0,
    76.02,
    77.04,
    78.06,
    79.08,
    80.1,
    81.12,
    82.14,
    83.16,
    84.18,
    85.2,
    86.22,
    87.24,
    88.27,
    89.29,
    90.31,
    91.33,
    92.35,
    93.37,
    94.39,
    95.41,
    96.43,
    97.45,
    98.47,
    99.49,
    100.51,
    101.53,
    102.55,
    103.57,
    104.59,
    105.61,
    106.63,
    107.65,
    108.67,
    109.69,
    110.71,
    111.73,
    112.76,
    113.78,
    114.8,
    115.82,
    116.84,
    117.86,
    118.88,
    119.9,
    120.92,
    121.94,
    122.96,
    123.98,
    125.0
  ],
  "T_fracs": [
    0.3,
    0.5,
    0.7,
    0.9
  ],
  "results": {
    "0.3": {
      "ratio": [
        0.9497739741155126,
        0.949833016309113,
        0.9498346240659611,
        0.9498332552374495,
        0.9498610625286521,
        0.9498256926457562,
        0.9497142777389214,
        0.9495937072157806,
        0.9495244554066553,
        0.9493845605216189,
        0.9492034975335585,
        0.9489677512398346,
        0.9487330576014174,
        0.9485162617290638,
        0.9482720570575744,
        0.9479580770867589,
        0.9476250476288453,
        0.9472165053989055,
        0.946860216573706,
        0.9465204994904926,
        0.9461118497420951,
        0.9456625753965019,
        0.9451999042976285,
        0.9446713349791016,
        0.9441222244118813,
        0.9436399830627491,
        0.9431491403796365,
        0.9426013004891155,
        0.9420217463184739,
        0.9414335762842685,
        0.940793020021454,
        0.9401230845997859,
        0.9394606289464918,
        0.9388550048330677,
        0.9382466472558332,
        0.9376000068104954,
        0.9369352943416943,
        0.9362545313562823,
        0.9355589018842594,
        0.9348642602559412,
        0.9341437278156881,
        0.9334143282070946,
        0.9327699939573092,
        0.932151786677099,
        0.9315391488206692,
        0.9309355232984902,
        0.9303528279193688,
        0.9297769570536702,
        0.9292212091371368,
        0.9286899015486583
      ],
      "Delta": [
        0.7052567406063611,
        0.6945427629940252,
        0.6839923723794256,
        0.6735988700765482,
        0.6633781040726476,
        0.653301414470308,
        0.6433595675614827,
        0.6335678065859458,
        0.6239035233705187,
        0.6143575841177246,
        0.6049377462626063,
        0.5956308522920783,
        0.5864298305562377,
        0.5773353687736653,
        0.5683388781030199,
        0.5594354882194182,
        0.5506228355425266,
        0.5418941934296192,
        0.5332454262535803,
        0.5246760692436785,
        0.5161796089393811,
        0.5077483807567086,
        0.49938426992757623,
        0.49108365410788435,
        0.48283900433608645,
        0.4746477638781681,
        0.4665129495250592,
        0.45842463663472055,
        0.45037874663564187,
        0.44237723492974623,
        0.4344180660892334,
        0.4264940241483509,
        0.4186025691289123,
        0.4107457961446777,
        0.4029186450483365,
        0.3951183600820015,
        0.38734172184365717,
        0.37959158689419836,
        0.3718611131921192,
        0.36415041639862616,
        0.35645674735864435,
        0.3487815654573992,
        0.3411207418686092,
        0.3334729531576482,
        0.3258377590559302,
        0.31821587723903894,
        0.31060561690022165,
        0.3030039707571194,
        0.29541242427754516,
        0.28783282493193796
      ],
      "mu": [
        3.8060770617851785,
        3.799592507434682,
        3.7933042525590803,
        3.7872260243269236,
        3.7813407092103084,
        3.775637727074155,
        3.7701144267265194,
        3.764759412485402,
        3.759563981108409,
        3.7545242817907507,
        3.7496298129023793,
        3.744875691679985,
        3.7402548638522615,
        3.7357672498032644,
        3.7313979919931977,
        3.727149963228011,
        3.7230113910141966,
        3.7189843818861803,
        3.7150604306478474,
        3.711234995701878,
        3.7075075579035026,
        3.7038703206210704,
        3.7003212068952567,
        3.696859259936855,
        3.6934783980236734,
        3.6901761065766765,
        3.6869518506623664,
        3.683801108160132,
        3.6807206953164227,
        3.6777101991629806,
        3.674767966016003,
        3.671890263055239,
        3.6690753498339257,
        3.666323185012766,
        3.6636312904229236,
        3.6609980101823822,
        3.6584217241851826,
        3.655902834948104,
        3.653438626901354,
        3.6510287092489575,
        3.648671854872246,
        3.6463681498909106,
        3.6441160268372763,
        3.6419148242832233,
        3.6397641634639424,
        3.6376639949592207,
        3.635613564761162,
        3.6336119637691424,
        3.6316593554225114,
        3.629756005280243
      ]
    },
    "0.5": {
      "ratio": [
        0.9443320321655154,
        0.9439796497836255,
        0.9436887362734421,
        0.9433314960609304,
        0.9429132353177514,
        0.9425770640975022,
        0.9422198736280792,
        0.941813466348858,
        0.9413569275514173,
        0.940964081050923,
        0.9405835337866179,
        0.9401623161447783,
        0.939702540300774,
        0.9392010746695001,
        0.9387979601873225,
        0.9383827564798143,
        0.9379545514653876,
        0.9374838216164854,
        0.9369874265284144,
        0.9364853368979832,
        0.9360571234816354,
        0.9356324437517476,
        0.9352123296542272,
        0.934754199089786,
        0.9342805239494782,
        0.9337924125294262,
        0.9333162432133328,
        0.9328323620800181,
        0.9324308854596752,
        0.9320483620649372,
        0.9316317644018449,
        0.9312084884325701,
        0.9307793786997641,
        0.9303455765620845,
        0.9299354294644875,
        0.9294941271734516,
        0.9290502067048042,
        0.9286392361229324,
        0.9283063275482194,
        0.9280033820308077,
        0.9276790415192487,
        0.9273616319526613,
        0.9270526911914202,
        0.9267540704836635,
        0.9264678393651167,
        0.9261963063172766,
        0.9259615387356819,
        0.9257256294384602,
        0.9255123525857345,
        0.9253249399895321
      ],
      "Delta": [
        0.6402611955228443,
        0.6305346041697699,
        0.6209565238492207,
        0.6115208732173837,
        0.6022420397315947,
        0.5930940047533547,
        0.5840683855411558,
        0.5751790205375955,
        0.5664053851093673,
        0.5577391872179049,
        0.5491874693831149,
        0.5407382866712257,
        0.5323852191464034,
        0.5241288911479779,
        0.5159615053710689,
        0.5078786403336081,
        0.49987815027975463,
        0.49195392848543873,
        0.4841022204575673,
        0.4763226042580759,
        0.4686091666984934,
        0.46095494955294347,
        0.4533616643128172,
        0.4458260224645416,
        0.4383411889058862,
        0.43090484252812195,
        0.42351972209864563,
        0.4161768176175363,
        0.40887242638913585,
        0.40160832360806614,
        0.39438266142890915,
        0.3871888888999426,
        0.38002470012407,
        0.37289199713208926,
        0.3657861861132925,
        0.3587047652768598,
        0.3516448119166833,
        0.3446089193367165,
        0.3375908760491108,
        0.3305907870558863,
        0.32360615656052844,
        0.3166383094532162,
        0.30968349741493467,
        0.3027405189770738,
        0.29580897444562854,
        0.28888951535613305,
        0.2819806067243886,
        0.27507951841527195,
        0.2681875989978121,
        0.26130652568197227
      ],