{
  "U_arr": [
    65.0,
    66.22,
    67.45,
    68.67,
    69.9,
    71.12,
    72.35,
    73.57,
    74.8,
    76.02,
    77.24,
    78.47,
    79.69,
    80.92,
    82.14,
    83.37,
    84.59,
    85.82,
    87.04,
    88.27,
    89.49,
    90.71,
    91.94,
    93.16,
    94.39,
    95.61,
    96.84,
    98.06,
    99.29,
    100.51,
    101.73,
    102.96,
    104.18,
    105.41,
    106.63,
    107.86,
    109.08,
    110.31,
    111.53,
    112.76,
    113.98,
    115.2,
    116.43,
    117.65,
    118.88,
    120.1,
    121.33,
    122.55,
    123.78,
    125.0
  ],
  "T_fracs": [
    0.3,
    0.5,
    0.7,
    0.9
  ],
  "results": {
    "0.3": {
      "ratio": [
        0.974408865638523,
        0.97142479499216,
        0.9680612550789833,
        0.9642641190946485,
        0.9599634773855412,
        0.9550772520084192,
        0.9495926162418556,
        0.9444099916434234,
        0.9416211712688822,
        0.9415096692018713,
        0.9429931694404828,
        0.9453200665527602,
        0.9480297877121457,
        0.9508389815302107,
        0.9533766820060154,
        0.9550801704111308,
        0.9557024256006758,
        0.954380744531653,
        0.9508078382340289,
        0.9441987499710496,
        0.9345387702506648,
        0.9266786679450303,
        0.9653993923660681,
        1.0,
        1.0,
        1.0,
        1.0,
        1.0,
        1.0,
        1.0,
        1.0,
        1.0,
        1.0,
        1.0,
        1.0,
        1.0,
        1.0,
        1.0,
        1.0,
        1.0,
        1.0,
        1.0,
        1.0,
        1.0,
        1.0,
        1.0,
        1.0,
        1.0,
        1.0,
        1.0
      ],
      "Delta": [
        1.5221561775661598,
        1.4696977271253724,
        1.4176866741527108,
        1.3660362124922225,
        1.3146840763674137,
        1.263449675281932,
        1.2122147466137116,
        1.1608464281155317,
        1.1092123676544576,
        1.0570985255882521,
        1.0043266536982054,
        0.9506769968971988,
        0.8958911999487915,
        0.8396490034616079,
        0.7815534666450926,
        0.7210961770998836,
        0.6575199692454082,
        0.5899406721226175,
        0.5172452603942618,
        0.4372143728717467,
        0.34430909207897803,
        0.2240792903531247,
        0.04608294428921482,
        0.0,
        0.0,
        0.0,
        0.0,
        0.0,
        0.0,
        0.0,
        0.0,
        0.0,
        0.0,
        0.0,
        0.0,
        0.0,
        0.0,
        0.0,
        0.0,
        0.0,
        0.0,
        0.0,
        0.0,
        0.0,
        0.0,
        0.0,
        0.0,
        0.0,
        0.0,
        0.0
      ],
      "mu": [
        4.53810488574155,
        4.4777238545146725,
        4.419370963168911,
        4.362977185548269,
        4.308485477738087,
        4.255754478972963,
        4.204707805986074,
        4.155309134557749,
        4.107498231118568,
        4.06118037643064,
        4.016341382743689,
        3.972938957407432,
        3.9309580152507166,
        3.89036550992002,
        3.8511520122633756,
        3.8133092972369784,
        3.77677588179856,
        3.741589738583241,
        3.70790622611273,
        3.675799091827503,
        3.6450452185480273,
        3.6155724230611264,
        3.593547824419055,
        3.5929083608577628,
        3.5929083608577628,
        3.5929083608577628,
        3.5929083608577628,
        3.5929083608577628,
        3.5929083608577628,
        3.5929083608577628,
        3.5929083608577628,
        3.5929083608577628,
        3.5929083608577628,
        3.5929083608577628,
        3.5929083608577628,
        3.5929083608577628,
        3.5929083608577628,
        3.5929083608577628,
        3.5929083608577628,
        3.5929083608577628,
        3.5929083608577628,
        3.5929083608577628,
        3.5929083608577628,
        3.5929083608577628,
        3.5929083608577628,
        3.5929083608577628,
        3.5929083608577628,
        3.5929083608577628,
        3.5929083608577628,
        3.5929083608577628
      ]
    },
    "0.5": {
      "ratio": [
        0.9785134373585698,
        0.9756986687422589,
        0.972480878473168,
        0.968798369535738,
        0.9645606170988928,
        0.9597092948980002,
        0.9546446379564801,
        0.9507788117609828,
        0.9486080136906917,
        0.9475240235628946,
        0.9470673023255666,
        0.9469729315194851,
        0.947121520138555,
        0.94736558851891,
        0.9474139431959385,
        0.947309214193191,
        0.9466073727559176,
        0.9450719721422286,
        0.9423143024373256,
        0.9375850132500569,
        0.9307011091381029,
        0.9269978168976802,
        0.9681248951844759,
        1.0,
        1.0,
        1.0,
        1.0,
        1.0,
        1.0,
        1.0,
        1.0,
        1.0,
        1.0,
        1.0,
        1.0,
        1.0,
        1.0,
        1.0,
        1.0,
        1.0,
        1.0,
        1.0,
        1.0,
        1.0,
        1.0,
        1.0,
        1.0,
        1.0,
        1.0,
        1.0
      ],
      "Delta": [
        1.3818762415274135,
        1.3342522937355539,
        1.2870345118423283,
        1.2401440896343556,
        1.1935244996682197,
        1.1470117944331248,
        1.1004986102366312,
        1.0538643292436332,
        1.0069887967218418,
        0.95967769864441,
        0.9117692139169193,
        0.8630638397956174,
        0.8133270307270497,
        0.7622680420093314,
        0.7095265143995378,
        0.6546408901246025,
        0.5969237830002978,
        0.53557250611462,
        0.46957660909957694,
        0.3969212642107575,
        0.312578013411593,
        0.20342843403389674,
        0.04183600000541304,
        0.0,
        0.0,
        0.0,
        0.0,
        0.0,
        0.0,
        0.0,
        0.0,
        0.0,
        0.0,
        0.0,
        0.0,
        0.0,
        0.0,
        0.0,
        0.0,
        0.0,
        0.0,
        0.0,
        0.0,
        0.0,
        0.0,
        0.0,
        0.0,
        0.0,
        0.0,
        0.0
      ],
      "mu": [
        4.491525095711226,
        4.431694042367525,
        4.373834261192531,
        4.31791126937157,
        4.263754302468926,
        4.211296851789391,
        4.160411483150838,
        4.11127247235638,
        4.0637392803004575,
        4.017751450927834,
        3.9734734383544965,
        3.9308631988673484,
        3.8900802297268067,
        3.8511003352401625,
        3.814108405444459,
        3.779326774400937,
        3.746750461841253,
        3.716426734661367,
        3.68818759687308,
        3.6616020044022606,
        3.636139554148665,
        3.6116791121116525,
        3.593361778016073,
        3.5929083608577628,
        3.5929083608577628,
        3.5929083608577628,
        3.5929083608577628,
        3.5929083608577628,
        3.5929083608577628,
        3.5929083608577628,
        3.5929083608577628,
        3.5929083608577628,
        3.5929083608577628,
        3.5929083608577628,
        3.5929083608577628,
        3.5929083608577628,
        3.5929083608577628,
        3.5929083608577628,
        3.5929083608577628,
        3.5929083608577628,
        3.5929083608577628,
        3.5929083608577628,
        3.5929083608577628,
        3.5929083608577628,
        3.5929083608577628,
        3.5929083608577628,
        3.5929083608577628,
        3.5929083608577628,
        3.5929083608577628,
        3.5929083608577628
      ]
    },